{"cameraMode":{"drawMode":0,"name":"Shaded","section":"Shading Mode"},"sceneLighting":false,"audioPlay":false,"sceneViewState":{"m_AlwaysRefresh":false,"showFog":false,"showSkybox":false,"showFlares":false,"showImageEffects":false,"showParticleSystems":false,"showVisualEffectGraphs":false,"m_FxEnabled":true},"in2DMode":false,"pivot":{"x":-0.15626318752765656,"y":8.569972038269043,"z":-7.850122451782227},"rotation":{"x":0.000883539963979274,"y":-0.9632835984230042,"z":0.26847410202026369,"w":0.0031698737293481828},"size":15.373090744018555,"orthographic":false}