{"cameraMode":{"drawMode":0,"name":"Shaded","section":"Shading Mode"},"sceneLighting":true,"audioPlay":false,"sceneViewState":{"m_AlwaysRefresh":false,"showFog":true,"showSkybox":true,"showFlares":true,"showImageEffects":true,"showParticleSystems":true,"showVisualEffectGraphs":true,"m_FxEnabled":true},"in2DMode":false,"pivot":{"x":77.31938171386719,"y":2.2794623374938967,"z":402.7891845703125},"rotation":{"x":0.03557373210787773,"y":0.9508509039878845,"z":-0.11929520964622498,"w":0.28353819251060488},"size":13.266016006469727,"orthographic":false}